[{"id":"user-image-Maite-1-e1634232154667.webp","fileName":"Maite-1-e1634232154667.webp","name":"Maite-1-e1634232154667","publicUrl":"https://assets.nicepagecdn.com/068ff983/5671651/images/Maite-1-e1634232154667.webp","size":14420,"hash":"qwB4UImOfPgqaGW0NeK8EosgeVs=","width":500,"height":500,"folderId":null,"thumbnail":{"url":"https://assets.nicepagecdn.com/068ff983/5671651/images/Maite-1-e1634232154667.webp","width":500,"height":500},"usages":["5671663"]},{"id":"user-image-IMG_6571-scaled.webp","fileName":"IMG_6571-scaled.webp","name":"IMG_6571-scaled","publicUrl":"https://assets.nicepagecdn.com/068ff983/5671651/images/IMG_6571-scaled.webp","size":14766,"hash":"f7sbsFBMyKEK4VIjDkahyLMktRs=","width":500,"height":500,"folderId":null,"thumbnail":{"url":"https://assets.nicepagecdn.com/068ff983/5671651/images/IMG_6571-scaled.webp","width":500,"height":500},"usages":["5671663"]},{"id":"user-image-cropped-V2-1.webp","fileName":"cropped-V2-1.webp","name":"cropped-V2-1","publicUrl":"https://assets.nicepagecdn.com/068ff983/5671651/images/cropped-V2-1.webp","size":14024,"hash":"o806B5MF8tzYn4z7clSlpxZ0cfs=","width":1920,"height":724,"folderId":null,"thumbnail":{"url":"https://assets.nicepagecdn.com/068ff983/5671651/images/cropped-V2-1.webp","width":1920,"height":724},"usages":[]}]